{
  "version": 1,
  "author": "Anonymous maker",
  "editor": "wokwi",
  "parts": [
    { "type": "board-esp32-devkit-c-v4", "id": "esp", "top": 0, "left": 0, "attrs": {} },
    { "type": "wokwi-led", "id": "led1", "top": 44.4, "left": -82.6, "attrs": { "color": "red" } },
    {
      "type": "wokwi-led",
      "id": "led2",
      "top": 34.8,
      "left": -140.2,
      "attrs": { "color": "yellow" }
    }
  ],
  "connections": [
    [ "esp:TX", "$serialMonitor:RX", "", [] ],
    [ "esp:RX", "$serialMonitor:TX", "", [] ],
    [ "led1:A", "esp:26", "green", [ "v28.8", "h57.6" ] ],
    [ "led1:C", "esp:GND.1", "green", [ "v67.2", "h77.2" ] ],
    [ "led2:A", "esp:33", "green", [ "v0" ] ],
    [ "led2:C", "esp:GND.1", "green", [ "v0" ] ]
  ],
  "dependencies": {}
}