{
  "version": 1,
  "author": "Anonymous maker",
  "editor": "wokwi",
  "parts": [
    { "type": "board-esp32-devkit-c-v4", "id": "esp", "top": 0, "left": 0, "attrs": {} },
    { "type": "wokwi-hc-sr04", "id": "ultrasonic1", "top": 30.3, "left": 149.5, "attrs": {} }
  ],
  "connections": [
    [ "esp:TX", "$serialMonitor:RX", "", [] ],
    [ "esp:RX", "$serialMonitor:TX", "", [] ],
    [ "ultrasonic1:GND", "esp:D0", "black", [ "v0" ] ],
    [ "ultrasonic1:VCC", "esp:5V", "red", [ "v96", "h-230.4", "v-19.2" ] ],
    [ "esp:16", "ultrasonic1:TRIG", "green", [ "h129.64" ] ],
    [ "esp:17", "ultrasonic1:ECHO", "green", [ "h62.44", "v19.2", "h67.2" ] ]
  ],
  "dependencies": {}
}