{
  "version": 1,
  "author": "Anonymous maker",
  "editor": "wokwi",
  "parts": [
    { "type": "board-esp32-devkit-c-v4", "id": "esp", "top": 0, "left": -4.76, "attrs": {} },
    {
      "type": "wokwi-pushbutton",
      "id": "btn1",
      "top": 111.8,
      "left": 182.4,
      "attrs": { "color": "green", "xray": "1" }
    },
    { "type": "wokwi-relay-module", "id": "relay1", "top": -47.8, "left": 182.4, "attrs": {} },
    { "type": "wokwi-led", "id": "led1", "top": 150, "left": 138.2, "attrs": { "color": "red" } }
  ],
  "connections": [
    [ "esp:TX", "$serialMonitor:RX", "", [] ],
    [ "esp:RX", "$serialMonitor:TX", "", [] ],
    [ "relay1:VCC", "esp:3V3", "red", [ "h0" ] ],
    [ "relay1:GND", "esp:GND.2", "black", [ "h0" ] ],
    [ "relay1:IN", "esp:23", "green", [ "h0" ] ],
    [ "btn1:2.l", "esp:GND.2", "green", [ "h-9.6", "v-124.6" ] ],
    [ "led1:A", "esp:18", "green", [ "v0" ] ],
    [ "btn1:1.l", "esp:19", "green", [ "h-19.2", "v-38.4" ] ],
    [ "led1:C", "esp:GND.2", "green", [ "v-163.2", "h-47.6" ] ]
  ],
  "dependencies": {}
}